{
    "ph": 7.031684050645781,
    "hardness": 197.3312909110432,
    "solids": 20791.318980747023,
    "chloramines": 7.106043485706114,
    "sulfate": 333.0765879440155,
    "conductivity": 424.6661117841069,
    "organic_carbon": 14.176501159597422,
    "trihalomethanes": 66.54219804427565,
    "turbidity": 3.9592936152493454
}