{
    "ph": 7.029490455474185,
    "hardness": 196.90167255741608,
    "solids": 20988.08780567985,
    "chloramines": 7.129840708319881,
    "sulfate": 333.07345498519453,
    "conductivity": 422.0173564256122,
    "organic_carbon": 14.216594849097843,
    "trihalomethanes": 66.62248509808484,
    "turbidity": 3.9540251248191565
}